order_reference,customer_code,invoice_address/name,invoice_address/address_line_1,invoice_address/address_line_2,invoice_address/city,invoice_address/state,invoice_address/zip,invoice_address/country,invoice_address/email,invoice_address/phone,invoice_address/mobile,delivery_address/name,delivery_address/address_line_1,delivery_address/address_line_2,delivery_address/city,delivery_address/state,delivery_address/zip,delivery_address/country,delivery_address/email,delivery_address/phone,delivery_address/phone,payment_method_code,shipping_cost,warehouse_code,order_details/product_details/code,order_details/quantity,order_details/unit_price
test,49901,Test Customer,test address 1,test address 2,city 1,New York,43434,United States,test@gmail.com,98374932875,9897348733,Test Customer 2,test address 3,test address 4,city 2,New York,23232,Unites States,test2@gmail.com,89778648,73846383,zion,100,MALAG,FURN_6666,2,50000
,,,,,,,,,,,,,,,,,,,,,,,,,E-COM11,4,50500
test,49901,Test Customer3,test address 1,test address 2,city 3,New York,43434,United States,test@gmail.com,98374932875,9897348733,Test Customer 4,test address 3,test address 4,city 4,New York,23232,Unites States,test4@gmail.com,89778648,73846383,zion,100,MALAG,KKK1234,5,60700
,,,,,,,,,,,,,,,,,,,,,,,,,PPP45678,7,90879

